school,enrollment,exempt,district,city
Big Brains Preparatory,10,0.0000,Private,Bellevue
Chrysalis School (K-8),10,0.0000,Private,Woodinville
Countryside Montessori School,11,0.0000,Private,Kirkland
Kineo School,12,0.3333,Private,Kirkland
The Eastside Montessori School,12,0.1667,Private,Bellevue
Tlc Montessori,12,0.0000,Private,Sammamish
Montessori Country School - Children's House,13,0.0769,Private,Bainbridge Island
Brightmont Academy - Sammamish Campus,13,0.0769,Private,Sammamish
Les Lilas,13,0.0000,Private,Kirkland
Dartmoor School,13,0.0000,Private,Bellevue
Community Montessori,14,0.1429,Private,Tacoma
Applied Scholastics Academy of Seattle,15,0.2000,Private,Seattle
Harbor Christian Schools,15,0.1333,Private,Gig Harbor
Privett Academy,15,0.0000,Private,Mercer Island
America's Child Montessori,15,0.0000,Private,Bellevue
Emerald City School,16,0.0625,Private,Seattle
Stella Maris Academy,17,0.3529,Private,Edmonds
Montessori Schoolhouse,17,0.0588,Private,Bremerton
Eastside Academy Overlake Campus,17,0.0000,Private,Bellevue
Newport Children's School,21,0.0000,Private,Bellevue
Living Wisdom School of Seattle,23,0.4348,Private,Lynwood
Alfajer School,23,0.0000,Private,Seattle
Discovery Montessori,24,0.0417,Private,Port Orchard
Sky Valley Adventist School,24,0.0000,Private,Snohomish
Seattle Jewish Girls High School,25,0.0800,Private,Seattle
Synergy Learning Academy,25,0.0000,Private,Issaquah
Bonney Lake Christian Academy,26,0.1923,Private,Bonney Lake
Eastside Academy,27,0.0000,Private,Bellevue
Concordia Lutheran School,27,0.0000,Private,Seattle
Lakewood Lutheran,30,0.0333,Private,Lakewood
Cypress Adventist School,31,0.0645,Private,Lynnwood
Solomon International School,31,0.0000,Private,Edmonds
Kitsap Adventist Christian School,34,0.1471,Private,Bremerton
Blossoming Hill Montessori,35,0.1143,Private,Maple Valley
Spring Valley Montessori,35,0.0286,Private,Federal Way
Journey School,36,0.0278,Private,Lynnwood
Cedar Park Christian School - Bellevue,37,0.1892,Private,Bellevue
Seattle Urban Academy,37,0.0000,Private,Seattle
Seattle Nativity School,38,0.0000,Private,Seattle
Carden Country School,39,0.1538,Private,Bainbridge Island
Northern Lights Montessori Willows Campus,40,0.0000,Private,Redmond
Forest Park Adventist School,41,0.0244,Private,Everett
The Clearwater School,42,0.3333,Private,Bothell
The Sammamish Montessori School,42,0.0000,Private,Redmond
Living Montessori Academy,42,0.0000,Private,Bellevue
Hillside Student Community School,43,0.0465,Private,Bellevue
Valley School,44,0.2500,Private,Bainbridge Island
New Horizon School,44,0.0455,Private,Renton
Children's Institute For Learning Differences (Child),45,0.0222,Private,Renton
Matheia School,45,0.0000,Private,Seattle
Cornerstone Academy,46,0.0217,Private,Monroe
Northwest School For Hearing Impaired,46,0.0000,Private,Shoreline
Fairview Christian School,47,0.0426,Private,Seattle
St. Mary's Academy,48,0.1875,Private,Tacoma
Rainier Christian Middle School,50,0.0800,Private,Covington
Seattle Area German American School,50,0.0000,Private,Seattle
Puget Sound Community School,52,0.0577,Private,Seattle
North Seattle French School,53,0.0189,Private,Seattle
Snoqualmie Springs School,53,0.0000,Private,Issaquah
Arbor Schools (Eastside Montessori Education Foundation),56,0.0536,Private,Sammamish
Emerald Heights Academy,57,0.1579,Private,Bellevue
Glendale Lutheran School,58,0.1724,Private,Burien
Kapka Cooperative School,59,0.1356,Private,Seattle
Chrysalis School (K-8),59,0.1356,Private,Woodinville
Brooklake Christian School,59,0.0508,Private,Federal Way
Gig Harbor Academy,59,0.0169,Private,Gig Harbor
Bel-Red Bilingual Academy,59,0.0000,Private,Bellevue
Silverwood School,60,0.1500,Private,Poulsbo
Valley Christian School,60,0.0500,Private,Auburn
The Lake And Park School,62,0.0645,Private,Seattle
Hillside Academy,63,0.0952,Private,Duvall
Montessori Children's House,64,0.0781,Private,Redmond
Harbor Montessori School,65,0.0462,Private,Gig Harbor
Seattle Jewish Community School,65,0.0000,Private,Seattle
Cascadia Montessori School,66,0.0000,Private,Redmond
St. Cecilia Catholic School,67,0.0299,Private,Bainbridge Island
Arlington Christian School,68,0.1765,Private,Arlington
Bellevue Montessori School,68,0.0441,Private,Bellevue
Northlake Preschool/ Northlake Academy,69,0.0290,Private,Kirkland
Everett Christian School,70,0.0714,Private,Everett
Soundview School,71,0.0141,Private,Lynnwood
Mmsc Day School,72,0.0278,Private,Seattle
Bethany Lutheran Elementary,74,0.0000,Private,Port Orchard
Cedar River Montessori School,77,0.0909,Private,Renton
Montessori Schools of Snohomish County,77,0.0260,Private,Everett
The Island School,82,0.0732,Private,Bainbridge Island
The Harbor School,82,0.0610,Private,Vashon
Parkland Lutheran School,83,0.0000,Private,Tacoma
University Cooperative School,85,0.1059,Private,Seattle
Seattle Amistad School,85,0.0588,Private,Seattle
Hyla Middle School,86,0.0116,Private,Bainbridge Island
Summit Classical Christian School,87,0.1724,Private,North Bend
Evergreen Lutheran High School,87,0.0460,Private,Tacoma
Puget Sound Adventist Academy,87,0.0115,Private,Kirkland
Faith Evangelical Lutheran School,89,0.1348,Private,Tacoma
The Cor Deo School,90,0.0778,Private,Tacoma
Valley School,92,0.0000,Private,Seattle
Billings Middle School,93,0.0108,Private,Seattle
Morningside Academy,93,0.0108,Private,Seattle
Seattle Classical Christian School,94,0.0851,Private,Seattle
Cascade Christian School Mcalder Elementary,95,0.1368,Private,Puyallup
Shorewood Christian School,96,0.1250,Private,Seattle
Rainier Christian High School,96,0.0729,Private,Auburn
Tilden School,98,0.0000,Private,Seattle
Jewish Day School,99,0.0606,Private,Bellevue
Perkins School,99,0.0101,Private,Seattle
Visitation School,100,0.0600,Private,Tacoma
St. Michael Catholic School,101,0.0198,Private,Snohomish
Three Tree Montessori,102,0.1078,Private,Burien
Cedar Park Christian School - Mountlake Terrace Campus,103,0.0583,Private,Mountlake Terrace
Gateway Christian Schools,105,0.1048,Private,Poulsbo
Monroe Christian School,105,0.0381,Private,Monroe
Spruce Street School,108,0.0278,Private,Seattle
Lake Washington Girls Middle School,108,0.0185,Private,Seattle
Zion Lutheran School,109,0.1468,Private,Lake Stevens
Explorer West Middle School,109,0.0459,Private,Seattle
Ucic School,109,0.0183,Private,Bothell
Burley Christian School,110,0.2636,Private,Port Orchard
Covenant High School,110,0.0818,Private,Tacoma
St. Nicholas School,110,0.0455,Private,Gig Harbor
Yellow Wood Academy,110,0.0182,Private,Mercer Island
West Seattle Montessori School,112,0.1250,Private,Seattle
The Little School,112,0.0536,Private,Bellevue
Concord Lutheran School,112,0.0000,Private,Tacoma
French Immersion School of Washington,114,0.0526,Private,Bellevue
St. Edwards School,115,0.0000,Private,Seattle
Seattle Lutheran High School,115,0.0000,Private,Seattle
Overcomer Academy,116,0.3879,Private,Auburn
Holy Family Bi-Lingual,116,0.0000,Private,Seattle
West Sound Academy,117,0.0940,Private,Poulsbo
Kirkland Sda School,118,0.0254,Private,Kirkland
Willows Preparatory School,120,0.0000,Private,Redmond
Madrona School,121,0.3554,Private,Bainbridge Island
St. Mark School,123,0.0163,Private,Shoreline
Academy For Precision Learning,124,0.0484,Private,Seattle
Peace Lutheran School,124,0.0161,Private,Bremerton
St. Paul School,124,0.0000,Private,Seattle
Evergreen Academy,125,0.0480,Private,Bothell
Holy Family School,125,0.0320,Private,Auburn
St. Pius X School,126,0.0000,Private,Mountlake Terrace
Seattle Waldorf - Three Cedars,128,0.3359,Private,Bellevue
Seattle Girls School,128,0.0000,Private,Seattle
Holy Trinity Lutheran School,130,0.0308,Private,Des Moines
Cedar Crest Bellewood,132,0.0000,Private,Bellevue
Chrysalis School (9-12),133,0.0451,Private,Woodinville
Northwest Christian School,134,0.0821,Private,Puyallup
St. Monica School,147,0.0272,Private,Mercer Island
Our Lady Star of The Sea School,147,0.0204,Private,Bremerton
Rainier Christian Schools-Kent View Elementary,149,0.0268,Private,Auburn
Cedar Park Christian School--Lynnwood Campus,152,0.0526,Private,Lynnwood
St. Madeleine Sophie School,152,0.0329,Private,Bellevue
Whole Earth Montessori School,153,0.1242,Private,Bothell
St. Therese School,153,0.0000,Private,Seattle
Seattle Hebrew Academy,157,0.0446,Private,Seattle
Bright Water School,159,0.2075,Private,Seattle
Cedar Park Christian School-Mill Creek Campus,161,0.1366,Private,Everett
Salvation Christian Academy - Formerly Slavic Christian Academy-Edgewood,163,0.5521,Private,Edgewood
St. Bernadette School,168,0.0060,Private,Seattle
Bryant Montessori Middle School,170,0.0941,Private,Tacoma
Christ The King School,174,0.0057,Private,Seattle
Heritage Christian Academy,176,0.0455,Private,Bothell
St. Matthew School,176,0.0000,Private,Seattle
Shoreline Christian School,177,0.1186,Private,Seattle
Eton School,179,0.0279,Private,Bellevue
Cascade Christian Schools-Fredrickson Elementary,182,0.0604,Private,Tacoma
St. Brendan School,182,0.0110,Private,Bothell
St. Frances Cabrini School,186,0.0000,Private,Lakewood
St. Catherine School,189,0.0159,Private,Seattle
Heritage Christian School,195,0.0513,Private,University Place
Meridian School,195,0.0410,Private,Seattle
St. Alphonsus School,199,0.0101,Private,Seattle
Amazing Grace Christian School,200,0.0400,Private,Seattle
Bellevue Christian Mack Elementary,200,0.0400,Private,Woodinville
Medina Academy,205,0.0537,Private,Redmond
Our Lady of Guadalupe School,207,0.0000,Private,Seattle
Hrrs - Juan Diego Academy,211,0.0142,Private,Tacoma
Buena Vista Sda School,217,0.0783,Private,Auburn
St. Joseph Catholic School of Issaquah,219,0.0502,Private,Issaquah
St. George School,219,0.0091,Private,Seattle
Bertschi School,223,0.0404,Private,Seattle
Acceleration Academy,223,0.0090,Private,Spanaway
St. Vincent De Paul School,223,0.0090,Private,Federal Way
Providence Classical Christian School,226,0.1814,Private,Lynnwood
Woodinville Montessori School,226,0.0442,Private,Bothell
Auburn Adventist Academy,227,0.0925,Private,Auburn
St. Thomas More School,227,0.0132,Private,Lynnwood
Three Points Elementary,227,0.0088,Private,Medina
Our Lady of Fatima School,233,0.0258,Private,Seattle
Holy Rosary Edmonds,235,0.0043,Private,Edmonds
Cascade Christian School-Puyallup Elementary,239,0.0628,Private,Puyallup
Holy Family Parish School,241,0.0166,Private,Kirkland
St. Anne School,241,0.0124,Private,Seattle
Immaculate Conception/Our Lady of Perpetual,243,0.0288,Private,Everett
Eastside Christian School,245,0.0204,Private,Bellevue
St. Paul's Lutheran School,251,0.0040,Private,Federal Way
St. Thomas School,252,0.0198,Private,Medina
Chestnut Hill Academy South Campus,255,0.0275,Private,Bellevue
St. Philomena School,257,0.0078,Private,Des Moines
University Child Development School,261,0.0230,Private,Seattle
Brighton School,267,0.0075,Private,Lynnwood
Christian Faith School,270,0.1370,Private,Federal Way
Tacoma Christian Acad - Formerly Slavic Christian Academy-Tacoma,275,0.5636,Private,Tacoma
Hamlin Robinson School,279,0.0251,Private,Seattle
South Sound Christian Schools - Tacoma Baptist Campus,280,0.0571,Private,Tacoma
Academy Nw - Marysville Campus,284,0.2500,Private,Marysville
St. Patrick School,308,0.0000,Private,Tacoma
Grace Academy,313,0.0863,Private,Marysville
Gateway Christian School - Crosspoint Campus,318,0.0377,Private,Bremerton
Epiphany School,323,0.0000,Private,Seattle
Forest Ridge School of Sacred Heart,325,0.0000,Private,Bellevue
Open Window School,331,0.0121,Private,Bellevue
Bryant Montessori School,340,0.0735,Private,Tacoma
St. Mary Magdalen School,341,0.0176,Private,Everett
Westside School,346,0.0260,Private,Seattle
St. Louise School,351,0.0199,Private,Bellevue
Seattle Waldorf School - Seattle Campuses,356,0.2247,Private,Seattle
French-Am School of Puget Sound,357,0.0000,Private,Mercer Island
Sacred Heart School,357,0.0000,Private,Clyde Hill
Cascade Christian Junior High and High School,361,0.0471,Private,Puyallup
Lighthouse Christian School,362,0.0635,Private,Gig Harbor
Seattle Country Day School,362,0.0221,Private,Seattle
Villa Academy,368,0.0082,Private,Seattle
Eastside Preparatory School,430,0.0186,Private,Kirkland
Renton Christian School,433,0.0924,Private,Renton
The Evergreen School,433,0.0277,Private,Shoreline
St. Anthony School,434,0.0230,Private,Renton
Holy Rosary Elementary,443,0.0158,Private,Seattle
St. John School,463,0.0065,Private,Seattle
Seattle Christian School,467,0.0557,Private,Seattle
St. Francis of Assisi School,472,0.0106,Private,Burien
St. Charles Borromeo School,483,0.0062,Private,Tacoma
Pathfinder Kindergarten Center,483,0.0041,Private,Everett
Assumption St. Bridget,485,0.0082,Private,Seattle
Archbishop Thomas J. Murphy High School,487,0.0000,Private,Everett
O'Dea High School,488,0.0102,Private,Seattle
Annie Wright School,493,0.0325,Private,Tacoma
Northwest School,509,0.0275,Private,Seattle
Overlake School,536,0.0131,Private,Redmond
Life Christian School,567,0.0459,Private,Tacoma
University Preparatory,568,0.0106,Private,Seattle
St. Joseph School,586,0.0188,Private,Seattle
Bellevue Children's Academy (2nd Location),586,0.0085,Private,Bellevue
The Bush School,656,0.0183,Private,Seattle
Charles Wright Academy,676,0.0399,Private,University Place
Holy Names Academy,698,0.0172,Private,Seattle
The Bear Creek School,716,0.0377,Private,Redmond
Seattle Academy of Arts/Sciences,822,0.0024,Private,Seattle
John F Kennedy Catholic High School,843,0.0142,Private,Burien
Bellarmine Preparatory School,851,0.0071,Private,Tacoma
Lakeside School,856,0.0023,Private,Seattle
Northshore Christian Academy,870,0.0678,Private,Everett
Eastside Catholic School,925,0.0141,Private,Sammamish
Bellevue Christian School,946,0.0190,Private,Clyde Hill
Cedar Park Christian School,975,0.1097,Private,Bothell
Kings Schools,1191,0.0285,Private,Seattle
Snoqualmie Access,10,0.1000,Snoqualmie Valley School District,Snoqualmie
Skykomish Middle School,10,0.1000,Skykomish School District,Skykomish
Woodinville Community Center,10,0.0000,Northshore School District,Kirkland
Open Doors Re-Engagement,11,0.0000,Lakewood School District,Marysville
Hutch School,12,0.0000,Seattle Public Schools,Seattle
Vashon Special Education School,12,0.0000,Vashon Island School District,Vashon
Contract Services/Relife,13,0.0000,Clover Park School District,Lakewood
Choice,14,0.2143,Riverview School District,Carnation
Skykomish High School,14,0.0000,Skykomish School District,Skykomish
Oak Grove Elementary School,16,0.0000,Clover Park School District,Lakewood
Lincoln Academy,18,0.0556,Stanwood-Camano School District,Stanwood
Special Services School,19,0.0526,Auburn School District,Auburn
Contracted Schools,21,0.0476,Edmonds School District,Lynnwood
Graduation Alliance (Ols),22,0.0455,Edmonds School District,Lynwood
Northshore Online School,23,0.0000,Northshore School District,Bothell
High School Re Entry,24,0.0000,Snohomish School District,Snohomish
Residential Consortium,26,0.0000,Seattle Public Schools,Seattle
Futures School,26,0.0000,Lake Washington School District,Kirkland
Bethel Elem Learning Academy,26,0.0000,Bethel School District,Graham
North Kitsap Msop,27,0.2593,North Kitsap School District,Kingston
Skykomish Elementary School,27,0.2222,Skykomish School District,Skykomish
Clip,30,0.1333,Riverview School District,Carnation
Special Services,31,0.0323,Northshore School District,Bothell
Index Elementary School,32,0.0938,Index School District,Index
Snohomish Center,33,0.0909,Snohomish School District,Snohomish
Student Link,34,0.2059,Vashon Island School District,Vashon
Mt. Rainier Parent Partnership,36,0.1389,Eatonville School District,Eatonville
Contractual School,36,0.1111,Lake Washington School District,Kirkland
Special Education,36,0.0278,Shoreline School District,Shoreline
Anderson Island Elementary,36,0.0278,Steilacoom Hist. School District,Steilacoom
Central Education Services,37,0.0000,Bellevue School District,Bellevue
Transition Program,38,0.0526,Bellevue School District,Bellevue
Renton Academy,40,0.0250,Renton School District,Renton
Firwood Secondary,41,0.0000,Clover Park School District,Lakewood
Interagency At Kc Youth Service,50,0.0000,Seattle Public Schools,Seattle
Mosaic Home Education Partnership,51,0.2353,Bainbridge Island School District,Bainbridge Island
Emerson High School,54,0.1296,Lake Washington School District,Kirkland
Cedar Park Elementary,54,0.0185,Seattle Public Schools,Seattle
Family Link,59,0.3051,Vashon Island School District,Vashon
Pal Program,63,0.0159,North Kitsap School District,Poulsbo
Emerson K-12,68,0.2500,Lake Washington School District,Kirkland
Discovery Elementary School,69,0.1594,Lake Washington School District,Kirkland
Eagle Rock Multiage School,69,0.0435,Riverview School District,Duvall
Svi 1418 Re-Engagement Program,69,0.0000,Seattle Public Schools,Seattle
Community School,71,0.1268,Lake Washington School District,Kirkland
Explorer Community School,71,0.0282,Lake Washington School District,Redmond
Middle College High School,73,0.0000,Seattle Public Schools,Seattle
Leaders In Learning,74,0.0541,Monroe School District,Monroe
South Lake High School,74,0.0000,Seattle Public Schools,Seattle
Parent Partnership,75,0.1067,Snoqualmie Valley School District,North Bend
Stillaguamish Valley School,76,0.1316,Arlington School District,Arlington
Interagency Academy,78,0.0000,Seattle Public Schools,Seattle
The Outreach Program,80,0.0875,Kent School District,Kent
Edmonds Elearning Academy,84,0.0238,Edmonds School District,Lynnwood
Northstar Middle School,90,0.0444,Lake Washington School District,Kirkland
Stella Schola,90,0.0222,Lake Washington School District,Redmond
Renaissance,90,0.0111,Lake Washington School District,Sammamish
New Start,96,0.0313,Highline School District,Seattle
Heritage School,96,0.0208,Marysville School District,Marysville
Private School Services (Contract Eeu),97,0.0103,Seattle Public Schools,Seattle
Port Gardner,98,0.1939,Everett School District,Everett
Career Academy At Truman High School,98,0.0204,Federal Way School District,Federal Way
Parent Partnership,99,0.1212,Snohomish School District,Snohomish
Secondary Academy For Success,100,0.0300,Northshore School District,Bothell
Granite Falls Open Doors,101,0.0099,Granite Falls School District,Granite Falls
Henderson Bay Alternative High School,106,0.0849,Peninsula School District,Gig Harbor
Kent Mountain View Elementary,107,0.0467,Kent School District,Des Moines
E. B. Walker High School,109,0.0000,Puyallup School District,Puyallup
Two Rivers School,112,0.1250,Snoqualmie Valley School District,North Bend
Odyssey Multiage Program,118,0.0678,Bainbridge Island School District,Bainbridge Island
Darrington High School,119,0.0252,Darrington School District,Darrington
Parade,122,0.2049,Riverview School District,Carnation
H.O.M.E. Program,125,0.2400,Renton School District,Renton
Gates Secondary School,130,0.0154,Franklin Pierce School District,Tacoma
Renaissance High School,131,0.0305,Bremerton School District,Bremerton
Marysville Mountain View High School,131,0.0153,Marysville School District,Marysville
Eagle Harbor High School,132,0.0530,Bainbridge Island School District,Bainbridge Island
Bridges Transition,134,0.0000,Seattle Public Schools,Seattle
Home Education Exchange,138,0.1522,Shoreline School District,Shoreline
Environmental School,139,0.0432,Lake Washington School District,Kirkland
Lincoln Hill High School,141,0.0284,Stanwood-Camano School District,Stanwood
Aim High School,142,0.0282,Snohomish School District,Snohomish
Northshore Networks,144,0.1111,Northshore School District,Bothell
Alfaretta Transition Program,148,0.0000,Clover Park School District,Lakewood
Gibson Ek High School,150,0.0333,Issaquah School District,Issaquah
Crossroads High School,153,0.0131,Granite Falls School District,Granite Falls
Explorer Academy,155,0.0839,South Kitsap School District,Port Orchard
Licton Springs K-8,160,0.0063,Seattle Public Schools,Seattle
Summit Public Charter School Olympus,161,0.0062,Summit Public School: Olympus,Seattle
Choice Academy,165,0.0303,Highline School District,Seattle
Weston High School,167,0.0359,Arlington School District,Arlington
Cpsd Open Doors Program,168,0.0000,Clover Park School District,Lakewood
Central Primary Center,169,0.0592,Snohomish School District,Snohomish
Marysville Arts and Technology High School,169,0.0296,Marysville School District,Marysville
Soar Academy Tacoma,173,0.0116,Soar Academy Charter District,Tacoma
Carbonado Historical School 19,177,0.0847,Carbonado School District,Carbonado
10Th Street School,177,0.0056,Marysville School District,Marysville
Saratoga School,180,0.1444,Stanwood-Camano School District,Stanwood
Summit Public Charter Atlas School,180,0.0667,Seattle Public Schools,Seattle
Wainwright Intermediate School,180,0.0222,Tacoma School District,Tacoma
Aces High School,183,0.0109,Mukilteo School District,Everett
Oakland High School,185,0.0216,Tacoma School District,Tacoma
Cascade Parent Partnership Program,186,0.0484,Seattle Public Schools,Seattle
Columbia Crest,186,0.0323,Eatonville School District,Ashford
Sequoia High School,186,0.0269,Everett School District,Everett
Sand Point Elementary,203,0.0000,Seattle Public Schools,Seattle
Igrad,208,0.0192,Kent School District,Kent
Industrial Design Engineering and Arts,209,0.0335,Tacoma School District,Tacoma
Wainwright Elementary School,213,0.0282,Tacoma School District,Tacoma
Pierce County Skills Center,216,0.0000,Bethel School District,Puyallup
Cascade K-8 Community School,224,0.1429,Shoreline School District,Shoreline
Madrona K-8 School,230,0.0000,Seattle Public Schools,Seattle
Sanislo Elementary School,232,0.0043,Seattle Public Schools,Seattle
Sacajawea Elementary School,233,0.0258,Seattle Public Schools,Seattle
The Center School,240,0.0000,Seattle Public Schools,Seattle
Stephen Decatur Elementary,241,0.0000,Seattle Public Schools,Seattle
Mcgilvra Elementary School,242,0.0083,Seattle Public Schools,Seattle
Destiny Middle School Charter,242,0.0041,Green Dot Public Schools Washington State Charter District,Seattle
Scriber Lake High School,243,0.0453,Edmonds School District,Edmonds
Rainier View Elementary School,246,0.0000,Seattle Public Schools,Seattle
Roosevelt Elementary School,247,0.0121,Tacoma School District,Tacoma
Edmonds Career Access,253,0.0158,Edmonds School District,Lynwood
Cedar Valley Elementary,255,0.0078,Kent School District,Kent
Northgate Elementary School,255,0.0039,Seattle Public Schools,Seattle
Evergreen Elementary,264,0.0530,Peninsula School District,Lakebay
Roxhill Elementary School,264,0.0152,Seattle Public Schools,Seattle
Kent Phoenix Academy,264,0.0076,Kent School District,Kent
Montlake Elementary School,265,0.0264,Seattle Public Schools,Seattle
West Auburn Senior High School,270,0.0185,Auburn School District,Auburn
Martin Luther King Jr.. Elementary School,270,0.0037,Seattle Public Schools,Seattle
Marysville Coop Program,274,0.0949,Marysville School District,Marysville
Downing Elementary School,275,0.0073,Tacoma School District,Tacoma
Weyerhaeuser Elementary,281,0.0356,Eatonville School District,Eatonville
Custer Elementary School,282,0.0177,Clover Park School District,Lakewood
Dunlap Elementary School,283,0.0035,Seattle Public Schools,Seattle
Camelot Elementary School,284,0.0810,Federal Way School District,Auburn
Darrington Elementary School,284,0.0458,Darrington School District,Darrington
Wilkeson Elementary School,284,0.0423,White River School District,Buckley
B. F. Day Elementary School,284,0.0070,Seattle Public Schools,Seattle
Challenger High School,285,0.0070,Bethel School District,Spanaway
Cottage Lake Elementary,286,0.0524,Northshore School District,Woodinville
Stevens Elementary School,289,0.0104,Seattle Public Schools,Seattle
Stanley Elementary School,290,0.0241,Tacoma School District,Tacoma
Emerson Elementary School,291,0.0000,Seattle Public Schools,Seattle
Black Diamond Elementary,293,0.0785,Enumclaw School District,Black Diamond
Franklin Elementary School,296,0.0169,Tacoma School District,Tacoma
Talley High School,299,0.0067,Renton School District,Seattle
Seattle World School (Secondary Boc),300,0.0000,Seattle Public Schools,Seattle
Bailey Gatzert Elementary School,300,0.0000,Seattle Public Schools,Seattle
Summit Public Charter School Sierra,301,0.0066,Summit Public School: Sierra,Seattle
Southern Heights Elementary,302,0.0033,Highline School District,Seattle
Fern Hill Elementary School,303,0.0099,Tacoma School District,Tacoma
Nova High School,303,0.0033,Seattle Public Schools,Seattle
Southwood Elementary School,304,0.0428,Enumclaw School District,Enumclaw
Hilder Pearson Elementary,307,0.0098,North Kitsap School District,Poulsbo
Federal Way Public Academy,309,0.0291,Federal Way School District,Federal Way
Cottonwood Elementary School,310,0.0097,Central Kitsap School District,Bremerton
Terrace Park School,315,0.0222,Edmonds School District,Mountlake Terrace
Olalla Elementary School,316,0.0380,South Kitsap School District,Port Orchard
Dower Elementary School,316,0.0253,Clover Park School District,Lakewood
Highland Park Elementary School,316,0.0222,Seattle Public Schools,Seattle
Emerson Elementary,318,0.0597,Snohomish School District,Snohomish
English Crossing Elementary,321,0.0405,Lakewood School District,North Lakewood
Manchester Elementary School,321,0.0405,South Kittitas School District,Port Orchard
Wing Luke Elementary School,326,0.0307,Seattle Public Schools,Seattle
Oakbrook Elementary School,326,0.0123,Clover Park School District,Lakewood
Lowell Elementary School,326,0.0031,Seattle Public Schools,Seattle
Stewart Elementary,327,0.0275,Puyallup School District,Puyallup
North Beach Elementary School,328,0.0396,Seattle Public Schools,Seattle
Beachwood Elementary School,328,0.0061,Clover Park School District,Lakewood
Spinning Elementary,329,0.0456,Puyallup School District,Puyallup
Hollywood Hill Elementary,331,0.0393,Northshore School District,Woodinville
Challenge Elementary School,332,0.0301,Edmonds School District,Mountlake Terrace
Grant Elementary School,334,0.0389,Tacoma School District,Tacoma
Twin Lakes Elementary School,334,0.0269,Federal Way School District,Federal Way
Skyline Elementary School,335,0.0567,Tacoma School District,Tacoma
Mt. View Elementary,335,0.0478,Puyallup School District,Edgewood
Carnation Elementary,336,0.0655,Riverview School District,Carnation
Rainier Prep,336,0.0030,Seattle Public Schools,Seattle
Edmonds Elementary School,339,0.0236,Edmonds School District,Edmonds
South Colby Elementary,341,0.0469,South Kitsap School District,Port Orchard
Westwood Elementary School,342,0.0673,Enumclaw School District,Enumclaw
Jackson Elementary School,343,0.0350,Everett School District,Everett
Meriwether Elementary School,343,0.0117,Clover Park School District,Jblm Lewis Mcchord
Concord International School,343,0.0000,Seattle Public Schools,Seattle
Phantom Lake Elementary,344,0.0291,Bellevue School District,Bellevue
Bear Creek Elementary,344,0.0233,Northshore School District,Woodinville
Sunrise Elementary,345,0.0290,Northshore School District,Redmond
Karshner Elementary,345,0.0174,Puyallup School District,Puyallup
Greenwood Elementary School,345,0.0029,Seattle Public Schools,Seattle
Gold Bar Elementary,346,0.0434,Sultan School District,Gold Bar
John Rogers Elementary School,346,0.0029,Seattle Public Schools,Seattle
Lyon Elementary School,347,0.0173,Tacoma School District,Tacoma
Arlington Elementary School,349,0.0057,Tacoma School District,Tacoma
Dearborn Park Elementary School,349,0.0000,Seattle Public Schools,Seattle
Esquire Hills Elementary,351,0.0171,Central Kitsap School District,Bremerton
Laurelhurst Elementary School,351,0.0028,Seattle Public Schools,Seattle
Twin City Elementary,352,0.0142,Stanwood-Camano School District,Stanwood
Tillicum Elementary School,352,0.0114,Clover Park School District,Lakewood
Larchmont Elementary School,353,0.0170,Tacoma School District,Tacoma
Graham Hill Elementary School,353,0.0057,Seattle Public Schools,Seattle
Brigadoon Elementary School,354,0.0085,Federal Way School District,Federal Way
Marshall Elementary,356,0.0365,Marysville School District,Marysville
Ordway Elementary,357,0.0196,Bainbridge Island School District,Bainbridge Island
Queen Anne Elementary,359,0.0000,Seattle Public Schools,Seattle
N.E. Tacoma Elementary School,361,0.0582,Tacoma School District,Tacoma
East Ridge Elementary,361,0.0360,Northshore School District,Woodinville
John Muir Elementary School,362,0.0000,Seattle Public Schools,Seattle
Juanita Elementary,364,0.0247,Lake Washington School District,Kirkland
Silver Ridge Elementary,364,0.0192,Central Kitsap School District,Silverdale
Alki Elementary School,364,0.0027,Seattle Public Schools,Seattle
Keller Elementary,366,0.0464,Lake Washington School District,Kirkland
Eatonville Elementary,366,0.0246,Eatonville School District,Eatonville
Soos Creek Elementary,367,0.0136,Kent School District,Kent
Capt Johnston Blakely Elem School,369,0.0407,Bainbridge Island School District,Bainbridge Island
David Wolfle Elementary,369,0.0352,North Kitsap School District,Kingston
Jing Mei Elementary,369,0.0244,Bellevue School District,Bellevue
Fairwood Elementary,369,0.0244,Kent School District,Renton
Waller Road Elementary,370,0.0189,Puyallup School District,Tacoma
Mountain Way Elementary,373,0.0214,Granite Falls School District,Granite Falls
Gatewood Elementary School,373,0.0214,Seattle Public Schools,Seattle
Green Mountain Elementary,374,0.0428,Central Kitsap School District,Bremerton
Vaughn Elementary School,375,0.0507,Peninsula School District,Vaughn
Thorndyke Elementary,375,0.0320,Tukwila School District,Tukwila
Suquamish Elementary,378,0.0291,North Kitsap School District,Suquamish
Bellevue Big Picture School,379,0.0422,Bellevue School District,Bellevue
Cherrydale Elementary,379,0.0343,Steilacoom Hist. School District,Steilacoom
Whitman Elementary School,379,0.0211,Tacoma School District,Tacoma
Chase Lake Elementary School,380,0.0053,Edmonds School District,Edmonds
Olympic Hills Elementary School,380,0.0000,Seattle Public Schools,Seattle
Whittier Elementary School,385,0.0364,Tacoma School District,Tacoma
Phoenix Program,386,0.0466,Puyallup School District,Puyallup
Adelaide Elementary School,386,0.0415,Federal Way School District,Federal Way
Mcmurray Middle School,387,0.0930,Vashon Island School District,Vashon
Liberty Ridge Elementary,387,0.0543,Sumner School District,Sumner
Lakewood Elementary,387,0.0465,Lakewood School District,North Lakewood
Point Defiance Elementary School,387,0.0439,Tacoma School District,Tacoma
Des Moines Elementary,388,0.0103,Highline School District,Des Moines
Spanaway Elementary,390,0.0256,Bethel School District,Spanaway
Lafayette Elementary School,391,0.0153,Seattle Public Schools,Seattle
Capt. Charles Wilkes Elem School,392,0.0383,Bainbridge Island School District,Bainbridge Island
Barker Creek Community School,393,0.0483,Central Kitsap School District,Silverdale
Crownhill Elementary,393,0.0204,Bremerton School District,Bremerton
Mann Middle School,393,0.0102,Clover Park School District,Lakewood
Leschi Elementary School,393,0.0000,Seattle Public Schools,Seattle
Minter Creek Elementary,394,0.0330,Peninsula School District,Gig Harbor
Woodlands Elementary,394,0.0127,Central Kitsap School District,Bremerton
Loyal Heights Elementary School,395,0.0152,Seattle Public Schools,Seattle
Kitsap Lake Elementary,396,0.0253,Bremerton School District,Bremerton
Viewlands Elementary School,396,0.0051,Seattle Public Schools,Seattle
Green Gables Elementary School,397,0.0227,Federal Way School District,Federal Way
Seaview Elementary School,399,0.0401,Edmonds School District,Edmonds
Mountlake Terrace Elementary,399,0.0276,Edmonds School District,Mountlake Terrace
Eatonville Middle School,399,0.0175,Eatonville School District,Eatonville
Stanwood Elementary School,401,0.0349,Stanwood-Camano School District,Stanwood
Orca K-8 School,401,0.0100,Seattle Public Schools,Seattle
Granite Falls Middle School,403,0.0298,Granite Falls School District,Granite Falls
Cathcart Elementary,404,0.0743,Snohomish School District,Snohomish
Cougar Creek Elementary,406,0.0443,Lakewood School District,Arlington
Wanic Skill Center,406,0.0049,Lake Washington School District,Redmond
Interagency Programs,406,0.0000,Seattle Public Schools,Seattle
Hawthorne Elementary School,406,0.0000,Seattle Public Schools,Seattle
Garfield Elementary School,408,0.0466,Everett School District,Everett
Birney Elementary School,408,0.0270,Tacoma School District,Tacoma
Grass Lake Elementary,409,0.0147,Kent School District,Kent
Reed Elementary School,409,0.0098,Tacoma School District,Tacoma
Meeker Elementary,411,0.0316,Puyallup School District,Puyallup
Mccarver Elementary School,411,0.0122,Tacoma School District,Tacoma
Delong Elementary School,412,0.0291,Tacoma School District,Tacoma
Totem Falls,412,0.0194,Snohomish School District,Snohomish
Pinecrest Elementary,412,0.0146,Central Kitsap School District,Bremerton
Raisbeck  Aviation High School,412,0.0146,Highline School District,Tukwila
Arrowhead Elementary,413,0.0387,Northshore School District,Kenmore
Bell Elementary,414,0.0435,Lake Washington School District,Kirkland
Sherman Elementary School,414,0.0266,Tacoma School District,Tacoma
East Port Orchard Elementary,414,0.0169,South Kitsap School District,Port Orchard
Beacon Hill International School,417,0.0000,Seattle Public Schools,Seattle
Van Asselt Elementary School,418,0.0024,Seattle Public Schools,Seattle
Cascade View Elementary,419,0.0501,Snohomish School District,Snohomish
Serene Lake Elementary,419,0.0477,Mukilteo School District,Edmonds
Kapowsin Elementary,419,0.0430,Bethel School District,Graham
Ardmore Elementary,419,0.0119,Bellevue School District,Bellevue
Madison Elementary,420,0.0357,Everett School District,Everett
Lake Louise Elementary School,420,0.0262,Clover Park School District,Lakewood
Island Park Elementary,421,0.0475,Mercer Island School District,Mercer Island
Muir Elementary,421,0.0238,Lake Washington School District,Kirkland
West Seattle Elementary School,422,0.0498,Seattle Public Schools,Seattle
Mullenix Ridge Elementary School,422,0.0355,South Kitsap School District,Port Orchard
Pioneer Valley Elementary,422,0.0166,Bethel School District,Spanaway
Lake Grove Elementary School,422,0.0118,Federal Way School District,Federal Way
Green Lake Elementary School,424,0.0165,Seattle Public Schools,Seattle
Daniel Bagley Elementary School,425,0.0447,Seattle Public Schools,Seattle
Maplewood Elementary,425,0.0447,Puyallup School District,Puyallup
Sunrise Elementary,425,0.0306,Enumclaw School District,Enumclaw
Fawcett Elementary School,425,0.0188,Tacoma School District,Tacoma
Silver Lake Elementary School,426,0.0188,Federal Way School District,Federal Way
Elk Ridge Elementary,427,0.0585,White River School District,Buckley
Lakeridge Elementary,427,0.0281,Renton School District,Seattle
Browns Point,427,0.0258,Tacoma School District,Tacoma
Frost Elementary,427,0.0211,Lake Washington School District,Kirkland
Sherwood Forest Elementary,429,0.0163,Bellevue School District,Bellevue
Lakeland Elementary School,431,0.1183,Federal Way School District,Auburn
Enterprise Elementary School,431,0.0418,Federal Way School District,Federal Way
Boze Elementary School,432,0.0093,Tacoma School District,Tacoma
Lowell Elementary School,433,0.0300,Tacoma School District,Tacoma
Silverdale Elementary,433,0.0139,Central Kitsap School District,Silverdale
Lynndale Elementary School,435,0.0092,Edmonds School District,Lynnwood
Pine Tree Elementary,436,0.0528,Kent School District,Kent
Lister Elementary School,436,0.0229,Tacoma School District,Tacoma
Bennett Elementary,436,0.0092,Bellevue School District,Bellevue
International Community School,437,0.0160,Lake Washington School District,Kirkland
Harvard Elementary,437,0.0092,Franklin Pierce School District,Tacoma
Beverly Park Elem At Glendale,437,0.0023,Highline School District,Seattle
Jenkins Creek Elementary,438,0.0411,Kent School District,Covington
Star Lake Elementary School,438,0.0205,Federal Way School District,Kent
Hawthorne Elementary School,439,0.0114,Everett School District,Everett
Cedar Valley Community School,439,0.0091,Edmonds School District,Lynnwood
Sherwood Forest Elementary School,441,0.0544,Federal Way School District,Federal Way
Liberty Elementary,441,0.0204,Marysville School District,Marysville
Hidden River Middle School,441,0.0159,Monroe School District,Snohomish
Albert Einstein Elementary,443,0.0158,Lake Washington School District,Redmond
Tyee Park Elementary School,443,0.0045,Clover Park School District,Lakewood
Northwood Elementary,444,0.0293,Mercer Island School District,Mercer Island
Brownsville Elementary,444,0.0203,Central Kitsap School District,Bremerton
James Sales Elementary,444,0.0045,Franklin Pierce School District,Tacoma
Shelton View Elementary,444,0.0023,Northshore School District,Bothell
Richard Gordon Elementary,445,0.0584,North Kitsap School District,Kingston
Maple Hills Elementary,445,0.0449,Issaquah School District,Renton
Byron Kibler Elementary School,446,0.0561,Enumclaw School District,Enumclaw
Collins Elementary,446,0.0381,Franklin Pierce School District,Tacoma
View Ridge Elementary,447,0.0157,Bremerton School District,Bremerton
Olympic View Elementary School,447,0.0045,Seattle Public Schools,Seattle
Picnic Point Elementary,448,0.0268,Mukilteo School District,Edmonds
Sandburg Elementary,448,0.0246,Lake Washington School District,Kirkland
Cascade Elementary,448,0.0156,Marysville School District,Marysville
Cherry Valley Elementary,449,0.0490,Riverview School District,Duvall
Olympic View Elementary School,449,0.0067,Federal Way School District,Federal Way
Campbell Hill Elementary,450,0.0156,Renton School District,Seattle
John Stanford International Elementary,450,0.0044,Seattle Public Schools,Seattle
Lake View Elementary School,451,0.0599,Auburn School District,Auburn
Bryn Mawr Elementary,451,0.0111,Renton School District,Seattle
Kimball Elementary School,451,0.0022,Seattle Public Schools,Seattle
Artondale Elementary School,452,0.0420,Peninsula School District,Gig Harbor
Edison,452,0.0398,Tacoma School District,Tacoma
Fryelands Elementary School,452,0.0310,Monroe School District,Monroe
Meredith Hill Elementary School,453,0.0640,Federal Way School District,Auburn
Lawton Elementary School,454,0.0022,Seattle Public Schools,Seattle
Wellington Elementary,455,0.0352,Northshore School District,Woodinville
Rachel Carson Elementary,455,0.0264,Lake Washington School District,Sammamish
Sultan Middle School,456,0.0351,Sultan School District,Sultan
Brier Elementary School,457,0.0372,Edmonds School District,Brier
Hidden Creek Elementary School,457,0.0372,South Kitsap School District,Port Orchard
Sunrise Elementary,457,0.0219,Puyallup School District,Puyallup
Franklin Elementary,458,0.0197,Lake Washington School District,Kirkland
Mc Donald Elementary,459,0.0349,Seattle Public Schools,Seattle
College Place Middle School,459,0.0240,Edmonds School District,Lynnwood
Park Lodge Elementary School,460,0.0174,Clover Park School District,Lakewood
Elmhurst Elementary School,460,0.0152,Franklin Pierce School District,Tacoma
Westhill Elementary,460,0.0109,Northshore School District,Bothell
Maltby Elementary,461,0.0738,Monroe School District,Snohomish
Thoreau Elementary,461,0.0390,Lake Washington School District,Kirkland
Christensen Elementary,461,0.0195,Franklin Pierce School District,Tacoma
Emerald Heights Elementary,461,0.0174,Central Kitsap School District,Silverdale
Panther Lake Elementary School,461,0.0152,Federal Way School District,Federal Way
Crestwood Elementary,462,0.0628,Sumner School District,Bonney Lake
Lake Tapps Elementary,462,0.0455,Dieringer School District,Lake Tapps
Mann Elementary,462,0.0238,Lake Washington School District,Redmond
Mann Elementary School,462,0.0130,Tacoma School District,Tacoma
Monte Cristo Elementary,463,0.0432,Granite Falls School District,Granite Falls
Northwood Elementary,463,0.0324,Puyallup School District,Edgewood
Thunder Mountain Middle School,464,0.0409,Enumclaw School District,Enumclaw
Cougar Valley Elementary,464,0.0151,Central Kitsap School District,Silverdale
Dieringer Heights Elementary,466,0.0429,Dieringer School District,Lake Tapps
Sawyer Woods Elementary,466,0.0258,Kent School District,Black Diamond
Wildwood Elementary,466,0.0258,Puyallup School District,Puyallup
Cascade View Elementary,468,0.0128,Tukwila School District,Tukwila
Tiffany Park Elementary,469,0.0426,Renton School District,Renton
Parkwood Elementary School,469,0.0171,Shoreline School District,Shoreline
Manitou Park Elementary School,469,0.0171,Tacoma School District,Tacoma
Carter Lake Elementary School,470,0.0085,Clover Park School District,Lakewood
Stillwater Elementary,471,0.0531,Riverview School District,Carnation
Washington Elementary School,471,0.0403,Tacoma School District,Tacoma
Tops K-8 School,471,0.0191,Seattle Public Schools,Seattle
George T. Daniel Elementary,471,0.0149,Kent School District,Kent
Lakeridge Elementary,471,0.0106,Mercer Island School District,Mercer Island
Martha Lake Elementary School,472,0.0169,Edmonds School District,Lynnwood
Eastgate Elementary,472,0.0042,Bellevue School District,Bellevue
Crescent Heights Elementary School,473,0.0465,Tacoma School District,Tacoma
Geiger Montessori School,473,0.0423,Tacoma School District,Tacoma
Stanwood Middle School,473,0.0275,Stanwood-Camano School District,Stanwood
Central Avenue Elementary,474,0.0274,Franklin Pierce School District,Tacoma
Echo Lake Elementary School,475,0.0526,Shoreline School District,Shoreline
Wedgwood Elementary School,475,0.0000,Seattle Public Schools,Seattle
Horizon Elementary,476,0.0483,Kent School District,Kent
Glenridge Elementary,476,0.0378,Kent School District,Renton
Shadow Lake Elementary,480,0.0417,Tahoma School District,Maple Valley
Allen Creek Elementary School,480,0.0333,Marysville School District,Marysville
Rose Hill Elementary,480,0.0250,Lake Washington School District,Kirkland
Park Orchard Elementary,480,0.0188,Kent School District,Kent
Terminal Park Elementary School,481,0.0478,Auburn School District,Auburn
Renton Park Elementary,481,0.0437,Renton School District,Renton
Brookdale Elementary,481,0.0166,Franklin Pierce School District,Tacoma
Shoultes Elementary,482,0.0436,Marysville School District,Marysville
Meany Middle School,482,0.0000,Seattle Public Schools,Seattle
Science And Math Institute,483,0.0166,Tacoma School District,Tacoma
Evergreen Elementary School,483,0.0000,Clover Park School District,Fort Lewis
Salem Woods Elementary School,484,0.0558,Monroe School District,Monroe
Hazelwood Elementary School,484,0.0331,Edmonds School District,Lynnwood
Enumclaw Middle School,484,0.0248,Enumclaw School District,Enumclaw
"John ""Bud"" Hawk At Jackson Park Elementary",485,0.0227,Central Kitsap School District,Bremerton
Silver Firs Elementary,485,0.0165,Everett School District,Everett
Pathfinder K-8 School,485,0.0124,Seattle Public Schools,Seattle
Burley Glenwood Elementary,486,0.0556,South Kitsap School District,Port Orchard
Key Peninsula Middle School,486,0.0432,Peninsula School District,Lakebay
Whittier Elementary,486,0.0370,Everett School District,Everett
Mirror Lake Elementary School,486,0.0247,Federal Way School District,Federal Way
Highland Middle School,487,0.0144,Bellevue School District,Bellevue
John Hay Elementary School,487,0.0082,Seattle Public Schools,Seattle
Lake Dolloff Elementary School,489,0.0409,Federal Way School District,Auburn
Centennial Elementary,489,0.0123,Bethel School District,Graham
Port Susan Middle School,490,0.0367,Stanwood-Camano School District,Stanwood
Dick Scobee Elementary School,490,0.0327,Auburn School District,Auburn
Saltars Point Elementary,490,0.0245,Steilacoom Hist. School District,Steilacoom
Maplewood K-8 Co-Op,490,0.0224,Edmonds School District,Edmonds
Emerald Hills Elementary,491,0.0489,Sumner School District,Bonney Lake
Rocky Ridge Elementary,491,0.0428,Bethel School District,Graham
Endeavour Elementary,491,0.0326,Mukilteo School District,Mukilteo
Whittier Elementary School,491,0.0244,Seattle Public Schools,Seattle
Ridgewood Elementary,491,0.0183,Kent School District,Renton
Riverview Elementary,492,0.0630,Snohomish School District,Snohomish
Lowell Elementary,492,0.0366,Everett School District,Everett
North Star Elementary,492,0.0142,Bethel School District,Graham
Carriage Crest Elementary,492,0.0142,Kent School District,Renton
Grove Elementary,493,0.0284,Marysville School District,Marysville
Woodmont Elementary School,493,0.0264,Federal Way School District,Des Moines
Pioneer Elementary School,493,0.0142,Auburn School District,Auburn
Crestwood Elementary,494,0.0547,Kent School District,Covington
North Bend Elementary School,494,0.0526,Snoqualmie Valley School District,North Bend
Lake Hills Elementary,495,0.0263,Bellevue School District,Bellevue
Christa Mcauliffe Elementary,496,0.0181,Lake Washington School District,Sammamish
West Mercer Elementary,497,0.0221,Mercer Island School District,Mercer Island
Muckleshoot Tribal School,497,0.0040,Enumclaw School District,Auburn
Highland Terrace Elementary,498,0.0361,Shoreline School District,Shoreline
Edgemont Jr. High,499,0.0240,Puyallup School District,Edgewood
Medina Elementary,499,0.0040,Bellevue School District,Medina
Kenmore Elementary,500,0.0160,Northshore School District,Kenmore
Sunnyslope Elementary School,500,0.0100,South Kitsap School District,Port Orchard
Dutch Hill Elementary,501,0.0419,Snohomish School District,Snohomish
Briarcrest Elementary School,502,0.0239,Shoreline School District,Shoreline
College Place Elementary,502,0.0179,Edmonds School District,Lynnwood
Rainier Elementary School,502,0.0139,Clover Park School District,Jblm Lewis Mcchord
Honey Dew Elementary,504,0.0119,Renton School District,Renton
Westgate Elementary School,507,0.0375,Edmonds School District,Edmonds
Lake Youngs Elementary,508,0.0354,Kent School District,Kent
Kingston Middle School,509,0.0216,North Kitsap School District,Kingston
Hillside Elementary School,509,0.0039,Clover Park School District,Fort Lewis
Woodbrook Middle School,509,0.0020,Clover Park School District,Lakewood
Brookside Elementary School,510,0.0235,Shoreline School District,Lake Forest Park
Idlewild Elementary School,510,0.0137,Clover Park School District,Lakewood
Lea Hill Elementary School,511,0.0528,Auburn School District,Auburn
Columbia Elementary,511,0.0431,Mukilteo School District,Mukilteo
Daffodil Valley Elementary,512,0.0215,Sumner School District,Sumner
Highlands Elementary,512,0.0156,Renton School District,Renton
Arbor Heights Elementary School,512,0.0000,Seattle Public Schools,Seattle
Mountain Meadow Elementary,513,0.0409,White River School District,Buckley
Machias Elementary,513,0.0390,Snohomish School District,Snohomish
Sheridan Elementary School,513,0.0195,Tacoma School District,Tacoma
Thornton Creek Elementary School,514,0.0486,Seattle Public Schools,Seattle
Presidents Elementary,514,0.0428,Arlington School District,Arlington
Clear Creek Elementary School,516,0.0136,Central Kitsap School District,Silverdale
Rainier View Elementary School,517,0.0503,Federal Way School District,Federal Way
Kopachuck Middle School,517,0.0348,Peninsula School District,Gig Harbor
Discovery Elementary School,518,0.0251,Peninsula School District,Gig Harbor
Cascade Ridge Elementary,518,0.0116,Issaquah School District,Sammamish
Woodin Elementary,518,0.0019,Northshore School District,Bothell
Ridgecrest Elementary,519,0.0405,Puyallup School District,Puyallup
Helen Stafford Elementary School,519,0.0154,Tacoma School District,Tacoma
Broadview-Thomson K-8 School,520,0.0135,Seattle Public Schools,Seattle
South Shore Pk-8 School,520,0.0019,Seattle Public Schools,Seattle
Gray Middle School,522,0.0134,Tacoma School District,Tacoma
Snoqualmie Elementary,523,0.0688,Snoqualmie Valley School District,Snoqualmie
Kellogg Marsh Elementary School,523,0.0402,Marysville School District,Marysville
North Tapps Middle School,524,0.0267,Dieringer School District,Lake Tapps
Sakai Intermediate,524,0.0191,Bainbridge Island School District,Bainbridge Island
Springbrook Elementary,524,0.0095,Kent School District,Kent
Cascadia Elementary,524,0.0038,Seattle Public Schools,Seattle
Cedarhome Elementary School,525,0.0514,Stanwood-Camano School District,Stanwood
Granite Falls High School,525,0.0400,Granite Falls School District,Granite Falls
Lynnwood Elementary School,525,0.0362,Edmonds School District,Lynnwood
Seahurst Elementary School,525,0.0095,Highline School District,Burien
Cascade Elementary,529,0.0132,Renton School District,Renton
Evergreen Heights Elementary,530,0.0472,Auburn School District,Auburn
Meadow Ridge Elementary,532,0.0376,Kent School District,Kent
Hilltop Elementary School,532,0.0338,Edmonds School District,Lynnwood
Sherwood Elementary School,532,0.0282,Edmonds School District,Edmonds
Benson Hill Elementary,532,0.0263,Renton School District,Renton
Chain Lake Elementary School,533,0.0300,Monroe School District,Snohomish
Stewart Middle School,533,0.0056,Tacoma School District,Tacoma
Sunnyside Elementary,534,0.0412,Marysville School District,Marysville
East Hill Elementary,534,0.0187,Kent School District,Kent
Talbot Hill Elementary,534,0.0169,Renton School District,Renton
Chinook Elementary School,534,0.0094,Auburn School District,Auburn
Meadowdale Elementary School,535,0.0430,Edmonds School District,Lynnwood
Poulsbo Elementary,535,0.0168,North Kitsap School District,Poulsbo
Nelson Elementary,536,0.0187,Bethel School District,Graham
Maple Elementary School,536,0.0168,Seattle Public Schools,Seattle
K-8 Stem At Boren,536,0.0056,Seattle Public Schools,Seattle
Evergreen Elementary,537,0.0279,Bethel School District,Spanaway
Tukwila Elementary,539,0.0223,Tukwila School District,Tukwila
Blix Elementary School,539,0.0186,Tacoma School District,Tacoma
Jefferson Elementary,541,0.0499,Everett School District,Everett
Mark Twain Elementary School,541,0.0166,Federal Way School District,Federal Way
Emerald Park Elementary,542,0.0314,Kent School District,Kent
Syre Elementary School,542,0.0185,Shoreline School District,Shoreline
Sultan Senior High School,543,0.0405,Sultan School District,Sultan
Victor Falls Elementary,543,0.0387,Sumner School District,Bonney Lake
Fairmount Park Elementary,543,0.0055,Seattle Public Schools,Seattle
Fairmount Elementary,545,0.0275,Mukilteo School District,Everett
Stevenson Elementary,545,0.0037,Bellevue School District,Bellevue
Edwin R. Opstad Elementary,546,0.0311,Snoqualmie Valley School District,North Bend
Vashon Island High School,547,0.0841,Vashon Island School District,Vashon
View Ridge Elementary School,547,0.0128,Seattle Public Schools,Seattle
Ridgecrest Elementary School,548,0.0493,Shoreline School District,Shoreline
Nautilus  K-8 School,549,0.0383,Federal Way School District,Federal Way
Mcclure Middle School,549,0.0073,Seattle Public Schools,Seattle
Bonney Lake Elementary,550,0.0327,Sumner School District,Bonney Lake
Adams Elementary School,551,0.0181,Seattle Public Schools,Seattle
Spruce Elementary School,555,0.0198,Edmonds School District,Lynnwood
Pinewood Elementary,557,0.0431,Marysville School District,Marysville
Glenwood Elementary,558,0.0341,Lake Stevens School District,Lake Stevens
Enatai Elementary,558,0.0251,Bellevue School District,Bellevue
Quil Ceda Elementary,559,0.0179,Marysville School District,Marysville
Whitman Middle School,559,0.0125,Seattle Public Schools,Seattle
Hedden Elementary School,561,0.0463,Fife School District,Edgewood
Cedar Way Elementary School,561,0.0303,Edmonds School District,Mountlake Terrace
Lakeview Elementary,562,0.0302,Lake Washington School District,Kirkland
Sultan Elementary School,562,0.0249,Sultan School District,Sultan
Chloe Clark Elementary,562,0.0160,Steilacoom Hist. School District,Dupont
Arthur Jacobsen Elementary,563,0.0462,Auburn School District,Auburn
Dickinson Elementary,563,0.0284,Lake Washington School District,Redmond
Elizabeth Blackwell Element,563,0.0231,Lake Washington School District,Sammamish
Washington Elementary School,563,0.0213,Auburn School District,Auburn
Fall City Elementary,564,0.0426,Snoqualmie Valley School District,Fall City
Totem Middle School,566,0.0406,Marysville School District,Marysville
Sunset Elementary,566,0.0265,Issaquah School District,Bellevue
Lake Stickney Elementary,567,0.0353,Mukilteo School District,Lynnwood
Kirk Elementary,567,0.0247,Lake Washington School District,Kirkland
West Woodland Elementary School,568,0.0000,Seattle Public Schools,Seattle
Lake Forest Park Elementary,569,0.0246,Shoreline School District,Lake Forest Park
Covington Elementary,569,0.0228,Kent School District,Covington
Wildwood Elementary School,569,0.0123,Federal Way School District,Federal Way
Naches Trail Elementary,570,0.0228,Bethel School District,Tacoma
Cascade Middle School,570,0.0070,Highline School District,Seattle
Edmonds Heights K-12,571,0.2364,Edmonds School District,Edmonds
Goodman Middle School,571,0.0315,Peninsula School District,Gig Harbor
Orting Primary School,572,0.0350,Orting School District,Orting
Frantz Coe Elementary School,572,0.0210,Seattle Public Schools,Seattle
Frank Wagner Elementary,572,0.0157,Monroe School District,Monroe
Thurgood Marshall Elementary,572,0.0017,Seattle Public Schools,Seattle
Hazelwood Elementary School,573,0.0803,Auburn School District,Auburn
Purdy Elementary School,573,0.0244,Peninsula School District,Gig Harbor
Chinook Middle School,573,0.0052,Highline School District,Seatac
Pioneer Elementary,575,0.0348,Arlington School District,Arlington
International School,575,0.0209,Bellevue School District,Bellevue
Fruitland Elementary,576,0.0382,Puyallup School District,Puyallup
Lakewood Middle School,577,0.0225,Lakewood School District,North Lakewood
Pope Elementary,578,0.0294,Puyallup School District,Puyallup
Odyssey Elementary,578,0.0260,Mukilteo School District,Everett
Sidney Glen Elementary School,579,0.0190,South Kitsap School District,Port Orchard
Beverly Elementary School,580,0.0397,Edmonds School District,Lynnwood
Monroe Elementary,580,0.0241,Everett School District,Everett
Bryant Elementary School,582,0.0000,Seattle Public Schools,Seattle
Foothills Elementary,583,0.0292,White River School District,Buckley
Gildo Rey Elementary School,583,0.0223,Auburn School District,Auburn
Sequoyah Middle School,584,0.0205,Federal Way School District,Auburn
Northwood Middle,584,0.0103,Kent School District,Renton
View Ridge Elementary,585,0.0632,Everett School District,Everett
Skyline Elementary,585,0.0274,Lake Stevens School District,Lake Stevens
Endeavour Intermediate,586,0.0290,Fife School District,Milton
Cougar Ridge Elementary,586,0.0239,Issaquah School District,Issaquah
Kamiakin Middle School,587,0.0324,Lake Washington School District,Kirkland
Crystal Springs Elementary,587,0.0187,Northshore School District,Bothell
Midland Elementary,587,0.0085,Franklin Pierce School District,Tacoma
Cascade View Elementary,588,0.0306,Snoqualmie Valley School District,Snoqualmie
Discovery Primary School,590,0.0644,Fife School District,Milton
Olivia Park Elementary,591,0.0220,Mukilteo School District,Everett
Sierra Heights Elementary,592,0.0338,Renton School District,Renton
Elk Plain School of Choice,592,0.0253,Bethel School District,Spanaway
Valhalla Elementary School,593,0.0388,Federal Way School District,Auburn
Discovery Elementary,596,0.0235,Mukilteo School District,Everett
Mcmicken Heights Elementary,596,0.0084,Highline School District,Seatac
White Center Heights Elementary,597,0.0101,Highline School District,Seattle
Chautauqua Elementary,598,0.0853,Vashon Island School District,Vashon
Cedar River Elementary,598,0.0385,Tahoma School District,Maple Valley
Surprise Lake Middle School,598,0.0201,Fife School District,Milton
Harbor Ridge Middle School,600,0.0400,Peninsula School District,Gig Harbor
Audubon Elementary,600,0.0200,Lake Washington School District,Redmond
Meridian Elementary,600,0.0200,Kent School District,Kent
Woodward Middle School,601,0.0183,Bainbridge Island School District,Bainbridge Island
Meeker Middle,602,0.0183,Kent School District,Renton
North Hill Elementary,602,0.0183,Highline School District,Burien
Columbia Junior High School,602,0.0133,Fife School District,Tacoma
Orting Middle School,602,0.0133,Orting School District,Orting
Harbor Heights Elementary School,603,0.0282,Peninsula School District,Gig Harbor
Margaret Mead Elementary,604,0.0331,Lake Washington School District,Sammamish
Vinland Elementary,606,0.0165,North Kitsap School District,Poulsbo
Twain Elementary,607,0.0362,Lake Washington School District,Kirkland
Newport Heights Elementary,607,0.0264,Bellevue School District,Bellevue
Tesla Stem High School,608,0.0033,Lake Washington School District,Sammamish
Millennium Elementary,609,0.0411,Kent School District,Kent
Tahoma Middle School,609,0.0181,Tahoma School District,Maple Valley
Marvista Elementary,612,0.0408,Highline School District,Normandy Park
Rush Elementary,613,0.0196,Lake Washington School District,Redmond
Ilalko Elementary School,614,0.0244,Auburn School District,Auburn
Sunnycrest Elementary School,614,0.0114,Federal Way School District,Kent
Moorlands Elementary,614,0.0098,Northshore School District,Kenmore
Tacoma School of The Arts,617,0.0308,Tacoma School District,Tacoma
Kirkland Middle School,617,0.0276,Lake Washington School District,Kirkland
Kilo Middle School,617,0.0211,Federal Way School District,Auburn
Cougar Mountain Middle School,617,0.0194,Bethel School District,Graham
Wilder Elementary,617,0.0178,Lake Washington School District,Woodinville
Cedarhurst Elementary,618,0.0097,Highline School District,Burien
Lochburn Middle School,618,0.0049,Clover Park School District,Lakewood
Issaquah Valley Elementary,620,0.0129,Issaquah School District,Issaquah
Hilltop Elementary,620,0.0065,Highline School District,Seattle
Thompson Elementary,622,0.0080,Bethel School District,Tacoma
Shorewood Elementary,623,0.0209,Highline School District,Burien
Showalter Middle School,623,0.0096,Tukwila School District,Tukwila
Maywood Hills Elementary,623,0.0080,Northshore School District,Bothell
Challenger Elementary,625,0.0224,Issaquah School District,Issaquah
Meridian Middle,625,0.0144,Kent School District,Kent
Alpac Elementary School,626,0.0543,Auburn School District,Pacific
Voyager Elementary,627,0.0383,Peninsula School District,Gig Harbor
Clyde Hill Elementary,628,0.0080,Bellevue School District,Bellevue
Post Middle School,630,0.0317,Arlington School District,Arlington
Mattson Middle,630,0.0254,Kent School District,Covington
Oak Heights Elementary School,630,0.0222,Edmonds School District,Lynnwood
Pacific Middle School,630,0.0032,Highline School District,Des Moines
Newcastle Elementary,631,0.0206,Issaquah School District,Newcastle
Discovery Elementary,631,0.0158,Issaquah School District,Issaquah
Madrona K-8 School,632,0.0570,Edmonds School District,Edmonds
Mukilteo Elementary,632,0.0427,Mukilteo School District,Mukilteo
Lakeridge Middle School,632,0.0332,Sumner School District,Sumner
Emerson Elementary School,635,0.0472,Everett School District,Everett
Finn Hill Middle School,636,0.0377,Lake Washington School District,Kirkland
Brier Terrace Middle School,636,0.0267,Edmonds School District,Brier
Frank Love Elementary,636,0.0220,Northshore School District,Bothell
Challenger Elementary,637,0.0377,Mukilteo School District,Everett
Eatonville High School,638,0.0345,Eatonville School District,Eatonville
Lockwood Elementary,639,0.0016,Northshore School District,Bothell
Norman Rockwell Elementary,640,0.0156,Lake Washington School District,Redmond
Dimmitt Middle School,644,0.0062,Renton School District,Seattle
Kent Prairie Elementary,645,0.0636,Arlington School District,Arlington
Cherry Crest Elementary,645,0.0202,Bellevue School District,Bellevue
Parkside Elementary,645,0.0047,Highline School District,Des Moines
Rosa Parks Elementary,646,0.0170,Lake Washington School District,Redmond
Cedar Heights Middle,647,0.0294,Kent School District,Kent
West Hills Stem Academy,648,0.0293,Bremerton School District,Bremerton
Kennydale Elementary,649,0.0416,Renton School District,Renton
Maple Lawn Elementary,649,0.0247,Sumner School District,Sumner
Kellogg Middle School,650,0.0200,Shoreline School District,Shoreline
Lake Stevens Middle,652,0.0215,Lake Stevens School District,Lake Stevens
Timber Ridge Elementary School,655,0.0260,Snoqualmie Valley School District,Snoqualmie
Hazelwood Elementary,655,0.0183,Renton School District,Newcastle
Salmon Bay K-8 School,655,0.0168,Seattle Public Schools,Seattle
Camas Prairie Elementary,656,0.0107,Bethel School District,Spanaway
Warren Hunt Elem,658,0.0334,Puyallup School District,Puyallup
Frederickson Elementary,658,0.0304,Bethel School District,Puyallup
Woodside Elementary,659,0.0288,Everett School District,Everett
Sylvester Middle School,659,0.0061,Highline School District,Burien
Gregory Heights Elementary,659,0.0046,Highline School District,Burien
Haller Middle School,660,0.0182,Arlington School District,Arlington
Scenic Hill Elementary,660,0.0152,Kent School District,Kent
Glacier Park Elementary,661,0.0182,Tahoma School District,Maple Valley
Angelo Giaudrone Middle School,661,0.0136,Tacoma School District,Tacoma
Martin Sortun Elementary,662,0.0302,Kent School District,Kent
Endeavour Elementary,662,0.0121,Issaquah School District,Issaquah
Lakeview Hope Academy,662,0.0076,Clover Park School District,Lakewood
Seattle Hill Elementary,664,0.0542,Snohomish School District,Everett
Mill Creek Elementary,664,0.0271,Everett School District,Everett
Marcus Whitman,667,0.0300,South Kitsap School District,Port Orchard
Eagle Creek Elementary,667,0.0270,Arlington School District,Arlington
Sunrise Elementary,667,0.0225,Kent School District,Kent
Fairview Middle School,671,0.0104,Central Kitsap School District,Bremerton
Ptarmigan Ridge Elementary,672,0.0417,Orting School District,Orting
Woodridge Elementary,673,0.0149,Bellevue School District,Bellevue
Apollo Elementary,674,0.0312,Issaquah School District,Renton
Madrona Elementary,674,0.0267,Highline School District,Seatac
Meeker Middle School,674,0.0134,Tacoma School District,Tacoma
Briarwood Elementary,675,0.0163,Issaquah School District,Renton
Cedarcrest Middle School,677,0.0281,Bethel School District,Spanaway
Shaw Road Elementary,680,0.0309,Puyallup School District,Puyallup
Hazel Valley Elementary,682,0.0029,Highline School District,Burien
Mount View Elementary,683,0.0015,Highline School District,Seattle
Sunny Hills Elementary,688,0.0131,Issaquah School District,Sammamish
Midway Elementary,688,0.0044,Highline School District,Des Moines
Canyon Creek Elementary,688,0.0015,Northshore School District,Bothell
Harrison Prep School,690,0.0058,Clover Park School District,Lakewood
Totem Middle School,693,0.0058,Federal Way School District,Kent
Spanaway Middle School,695,0.0144,Bethel School District,Tacoma
Samantha Smith Elementary,696,0.0101,Lake Washington School District,Sammamish
Aki Kurose Middle School,697,0.0014,Seattle Public Schools,Seattle
Panther Lake Elementary,698,0.0401,Kent School District,Kent
Woodland Elementary,698,0.0172,Puyallup School District,Puyallup
Rock Creek Elementary,700,0.0429,Tahoma School District,Maple Valley
Bethel Middle School,700,0.0100,Bethel School District,Spanaway
Graham Elementary,701,0.0271,Bethel School District,Graham
Horizon Elementary,701,0.0171,Mukilteo School District,Everett
John Sedgwick,702,0.0271,South Kittitas School District,Port Orchard
Kent Elementary,704,0.0071,Kent School District,Kent
Four Heroes Elementary,704,0.0014,Clover Park School District,Lakewood
Spiritridge Elementary,706,0.0142,Bellevue School District,Bellevue
Kenmore Middle School,708,0.0325,Northshore School District,Kenmore
Little Cedars Elementary,709,0.0367,Snohomish School District,Snohomish
Robert Eagle Staff Middle School,710,0.0070,Seattle Public Schools,Seattle
Central Kitsap Middle School,711,0.0141,Central Kitsap School District,Silverdale
Washington Middle School,711,0.0014,Seattle Public Schools,Seattle
Donald Eismann Elementary,713,0.0168,Sumner School District,Bonney Lake
Kokanee Elementary,713,0.0084,Northshore School District,Woodinville
Mountain View Middle School,714,0.0364,Sumner School District,Bonney Lake
Genesee Hill,716,0.0251,Seattle Public Schools,Seattle
Edward Zeiger Elementary,717,0.0432,Puyallup School District,Puyallup
Ferrucci Jr. High,718,0.0209,Puyallup School District,Puyallup
Saghalie Middle School,718,0.0153,Federal Way School District,Federal Way
Firgrove Elementary,720,0.0208,Puyallup School District,Puyallup
Bow Lake Elementary,720,0.0125,Highline School District,Seatac
Somerset Elementary,725,0.0290,Bellevue School District,Bellevue
Rainier Beach High School,725,0.0000,Seattle Public Schools,Seattle
Ridgetop Middle School,727,0.0165,Central Kitsap School District,Silverdale
Edgerton Elementary,728,0.0467,Puyallup School District,Puyallup
Lakeland Hills Elementary,732,0.0451,Auburn School District,Auburn
Silver Lake Elementary,732,0.0314,Everett School District,Everett
Hazel Wolf K-8,733,0.0027,Seattle Public Schools,Seattle
Einstein Middle School,736,0.0408,Shoreline School District,Shoreline
Clark Elementary,739,0.0379,Issaquah School District,Issaquah
Timbercrest Middle School,741,0.0297,Northshore School District,Woodinville
Frontier Middle School,742,0.0229,Bethel School District,Graham
Valley View Middle School,744,0.0282,Snohomish School District,Snohomish
Baker Middle School,744,0.0148,Tacoma School District,Tacoma
Lakewood High School,744,0.0054,Lakewood School District,North Lakewood
Tolt Middle School,746,0.0483,Riverview School District,Carnation
Meadowdale Middle School,746,0.0268,Edmonds School District,Lynnwood
Penny Creek Elementary,746,0.0255,Everett School District,Everett
Liberty Middle School,747,0.0161,Bethel School District,Spanaway
Frank Brouillet Elementary,748,0.0214,Puyallup School District,Puyallup
Cedar Wood Elementary,748,0.0160,Everett School District,Bothell
First Creek Middle School,748,0.0053,Tacoma School District,Tacoma
Meridian Park Elementary,749,0.0267,Shoreline School District,Shoreline
Creekside Elementary,752,0.0293,Issaquah School District,Sammamish
Clover Creek Elementary,753,0.0212,Bethel School District,Tacoma
North Lake Middle,757,0.0238,Lake Stevens School District,Lake Stevens
Pioneer Middle School,757,0.0132,Steilacoom Hist. School District,Dupont
Hudtloff Middle School,758,0.0040,Clover Park School District,Lakewood
Sumner Middle School,759,0.0264,Sumner School District,Sumner
Park Place Middle School,761,0.0289,Monroe School District,Monroe
Grand Ridge Elementary,761,0.0184,Issaquah School District,Issaquah
North Middle School,767,0.0143,Everett School District,Everett
Forest View Elementary School,769,0.0169,Everett School District,Everett
Kingston High School,770,0.0351,North Kitsap School District,Kingston
Truman Middle School,774,0.0155,Tacoma School District,Tacoma
Catharine Blaine K-8 School,775,0.0013,Seattle Public Schools,Seattle
Woodmoor Elementary,777,0.0051,Northshore School District,Bothell
Mason Middle School,780,0.0192,Tacoma School District,Tacoma
Harbour Pointe Middle School,781,0.0230,Mukilteo School District,Mukilteo
Fernwood Elementary,784,0.0051,Northshore School District,Bothell
Lake Wilderness Elementary,785,0.0318,Tahoma School District,Maple Valley
Cedarcrest School,786,0.0318,Marysville School District,Marysville
Shining Mountain Elementary,786,0.0153,Bethel School District,Spanaway
Redmond Elementary,787,0.0254,Lake Washington School District,Redmond
Sunnycrest Elementary,789,0.0380,Lake Stevens School District,Lake Stevens
Centennial Middle School,795,0.0440,Snohomish School District,Snohomish
Sacajawea Middle School,795,0.0126,Federal Way School District,Federal Way
Chief Kanim Middle School,800,0.0338,Snoqualmie Valley School District,Fall City
Cedar Heights,800,0.0225,South Kitsap School District,Port Orchard
Marysville Middle School,800,0.0175,Marysville School District,Marysville
Orting High School,802,0.0274,Orting School District,Orting
Aylen Jr. High,806,0.0174,Puyallup School District,Puyallup
Perry G Keithley Middle School,806,0.0124,Franklin Pierce School District,Tacoma
Foss High School,807,0.0161,Tacoma School District,Tacoma
Cascade Middle School,808,0.0285,Auburn School District,Auburn
Hillcrest Elementary,810,0.0333,Lake Stevens School District,Everett
Lakota Middle School,811,0.0185,Federal Way School District,Federal Way
Illahee Middle School,811,0.0185,Federal Way School District,Federal Way
Maplewood Heights Elementary,816,0.0135,Renton School District,Renton
Twin Falls Middle School,818,0.0452,Snoqualmie Valley School District,North Bend
Risdon Middle School,818,0.0122,Renton School District,Newcastle
Poulsbo Middle School,820,0.0134,North Kitsap School District,Poulsbo
Glacier Middle School,826,0.0278,White River School District,Buckley
Mill Creek Middle,829,0.0012,Kent School District,Kent
Alderwood Middle School,832,0.0228,Edmonds School District,Lynnwood
Olympic Middle School,832,0.0048,Auburn School District,Auburn
David T. Denny International School,832,0.0024,Seattle Public Schools,Seattle
Doris Stahl Junior High,838,0.0191,Puyallup School District,Puyallup
Louisa May Alcott Elementar,844,0.0213,Lake Washington School District,Redmond
Glacier View Junior High,849,0.0318,Puyallup School District,Puyallup
Beaver Lake Middle School,849,0.0082,Issaquah School District,Issaquah
Neely O Brian Elementary,856,0.0058,Kent School District,Kent
Fife High School,861,0.0105,Fife School District,Tacoma
Cleveland High School,866,0.0000,Seattle Public Schools,Seattle
Voyager Middle School,874,0.0183,Mukilteo School District,Everett
Ballou Jr. High,878,0.0228,Puyallup School District,Puyallup
Leota Middle School,882,0.0306,Northshore School District,Woodinville
Mcknight Middle School,882,0.0204,Renton School District,Renton
Madison Middle School,886,0.0011,Seattle Public Schools,Seattle
Gateway Middle School,890,0.0135,Everett School District,Everett
Rose Hill Middle School,894,0.0302,Lake Washington School District,Redmond
Sky Valley Education Center,896,0.2366,Monroe School District,Monroe
Northshore Middle School,896,0.0313,Northshore School District,Bothell
Mountain View Middle School,896,0.0179,Bremerton School District,Bremerton
Kalles Junior High,899,0.0234,Puyallup School District,Puyallup
Canyon Park Middle School,910,0.0231,Northshore School District,Bothell
Jane Addams Middle School,915,0.0044,Seattle Public Schools,Seattle
Eisenhower Middle School,918,0.0240,Everett School District,Everett
Foster Senior High School,920,0.0022,Tukwila School District,Tukwila
Rainier Middle School,928,0.0259,Auburn School District,Auburn
Carson Elementary,936,0.0288,Puyallup School District,Puyallup
Olympic View Middle School,937,0.0213,Mukilteo School District,Mukilteo
Ford Middle,937,0.0117,Franklin Pierce School District,Tacoma
Pine Lake Middle School,948,0.0074,Issaquah School District,Sammamish
Explorer Middle School,950,0.0105,Mukilteo School District,Everett
Skyview Middle School,952,0.0179,Northshore School District,Bothell
Eckstein Middle School,960,0.0021,Seattle Public Schools,Seattle
Maple View Middle School,970,0.0144,Tahoma School District,Maple Valley
Pacific Cascade Middle Sch,971,0.0103,Issaquah School District,Issaquah
Hamilton International Middle School,983,0.0041,Seattle Public Schools,Seattle
Cedarcrest High School,990,0.0313,Riverview School District,Duvall
Chinook Middle School,990,0.0111,Bellevue School District,Bellevue
Washington High School,991,0.0061,Franklin Pierce School District,Tacoma
Heatherwood Middle School,1006,0.0179,Everett School District,Mill Creek
Evergreen High School,1012,0.0000,Highline School District,Seattle
Nelsen Middle School,1014,0.0256,Renton School District,Renton
Tyee Middle School,1018,0.0069,Bellevue School District,Bellevue
Tyee High School,1020,0.0186,Highline School District,Seatac
Mt. Baker Middle School,1021,0.0108,Auburn School District,Auburn
Issaquah Middle School,1022,0.0205,Issaquah School District,Issaquah
West Seattle High School,1037,0.0010,Seattle Public Schools,Seattle
Steilacoom High School,1040,0.0106,Steilacoom Hist. School District,Steilacoom
Redmond Middle School,1047,0.0220,Lake Washington School District,Redmond
Chief Sealth High School,1049,0.0010,Seattle Public Schools,Seattle
Evergreen Middle School,1058,0.0321,Everett School District,Everett
Odle Middle School,1061,0.0113,Bellevue School District,Bellevue
Klahowya Secondary,1100,0.0145,Central Kitsap School District,Silverdale
Sammamish High School,1120,0.0196,Bellevue School District,Bellevue
Mercer Middle School,1128,0.0035,Seattle Public Schools,Seattle
North Kitsap High School,1150,0.0322,North Kitsap School District,Poulsbo
Islander Middle School,1152,0.0191,Mercer Island School District,Mercer Island
Maywood Middle School,1153,0.0156,Issaquah School District,Renton
Bremerton High School,1174,0.0221,Bremerton School District,Bremerton
Evergreen Middle School,1201,0.0142,Lake Washington School District,Redmond
Nathan Hale High School,1204,0.0025,Seattle Public Schools,Seattle
White River High School,1207,0.0298,White River School District,Buckley
Olympic High School,1208,0.0166,Central Kitsap School District,Bremerton
Inglewood Middle School,1209,0.0207,Lake Washington School District,Sammamish
Highline High School,1213,0.0091,Highline School District,Burien
Franklin Pierce High School,1218,0.0172,Franklin Pierce School District,Tacoma
Franklin Pierce High School,1218,0.0172,Franklin Pierce School District,Tacoma
Lindbergh High School,1248,0.0160,Renton School District,Renton
Mp Pathways of Choice,1266,0.0190,Marysville School District,Marysville
Franklin High School,1280,0.0008,Seattle Public Schools,Seattle
North Creek High School,1283,0.0171,Edmonds School District,Bothell
Wilson High School,1284,0.0179,Tacoma School District,Tacoma
Clover Park High School,1286,0.0047,Clover Park School District,Lakewood
Enumclaw High School,1308,0.0375,Enumclaw School District,Enumclaw
Cavelero Mid High,1335,0.0195,Lake Stevens School District,Everett
Renton High School,1339,0.0060,Renton School District,Renton
Bainbridge High School,1351,0.0289,Bainbridge Island School District,Bainbridge Island
Stanwood High School,1356,0.0280,Stanwood-Camano School District,Stanwood
Mountlake Terrace High School,1365,0.0264,Edmonds School District,Mountlake Terrace
Ingraham High School,1370,0.0029,Seattle Public Schools,Seattle
Lakes High School,1385,0.0058,Clover Park School District,Lakewood
Liberty High School,1394,0.0179,Issaquah School District,Renton
Bonney Lake High School,1395,0.0237,Sumner School District,Bonney Lake
Peninsula High School,1401,0.0471,Peninsula School District,Gig Harbor
Mount Tahoma High School,1423,0.0084,Tacoma School District,Tacoma
Lynnwood High School,1431,0.0217,Edmonds School District,Bothell
Everett High School,1434,0.0119,Everett School District,Everett
Lincoln High School,1444,0.0097,Tacoma School District,Tacoma
Shorecrest High School,1447,0.0352,Shoreline School District,Shoreline
Stadium High School,1468,0.0095,Tacoma School District,Tacoma
Juanita Sr. High School,1522,0.0250,Lake Washington School District,Kirkland
Emerald Ridge High School,1528,0.0157,Puyallup School District,Puyallup
Central Kitsap High School,1528,0.0137,Central Kitsap School District,Silverdale
Mercer Island High School,1536,0.0208,Mercer Island School District,Mercer Island
Kentlake High,1559,0.0148,Kent School District,Kent
Auburn Mountainview High School,1560,0.0103,Auburn School District,Auburn
Bothell High School,1579,0.0247,Northshore School District,Bothell
Spanaway Lake High School,1589,0.0164,Bethel School District,Spanaway
Bellevue High School,1592,0.0151,Bellevue School District,Bellevue
Federal Way High School,1608,0.0081,Federal Way School District,Federal Way
Todd Beamer High School,1616,0.0161,Federal Way School District,Federal Way
Arlington High,1620,0.0407,Arlington School District,Arlington
Gig Harbor High,1620,0.0389,Peninsula School District,Gig Harbor
Shorewood High School,1625,0.0326,Shoreline School District,Shoreline
Meadowdale High School,1626,0.0086,Edmonds School District,Lynnwood
Mount Rainier High School,1626,0.0074,Highline School District,Des Moines
Hazen High School,1627,0.0141,Renton School District,Renton
Edmonds-Woodway High School,1641,0.0244,Edmonds School District,Edmonds
Auburn Riverside High School,1647,0.0121,Auburn School District,Auburn
Snohomish Senior High School,1655,0.0532,Snohomish School District,Snohomish
Interlake High School,1694,0.0236,Bellevue School District,Bellevue
Lake Washington Sr. High School,1718,0.0396,Lake Washington School District,Kirkland
Monroe High School,1733,0.0300,Monroe School District,Monroe
Inglemoor High School,1745,0.0258,Northshore School District,Kenmore
Thomas Jefferson High School,1753,0.0091,Federal Way School District,Auburn
Bethel High School,1758,0.0165,Bethel School District,Spanaway
Auburn Sr. High School,1762,0.0125,Auburn School District,Auburn
Woodinville High School,1763,0.0244,Northshore School District,Woodinville
Glacier Peak High School,1788,0.0285,Snohomish School District,Snohomish
Cascade High School,1796,0.0173,Everett School District,Everett
Sumner High School,1819,0.0330,Sumner School District,Sumner
Puyallup High School,1840,0.0147,Puyallup School District,Puyallup
Newport High School,1843,0.0195,Bellevue School District,Bellevue
Gov John Rogers High School,1845,0.0211,Puyallup School District,Puyallup
Garfield High School,1846,0.0038,Seattle Public Schools,Seattle
Mount Si High School,1852,0.0351,Snoqualmie Valley School District,Snoqualmie
Roosevelt High School,1867,0.0000,Seattle Public Schools,Seattle
Eastlake Sr. High School,1880,0.0202,Lake Washington School District,Sammamish
Lake Stevens Sr. High,1914,0.0193,Lake Stevens School District,Lake Stevens
Ballard High School,1922,0.0031,Seattle Public Schools,Seattle
Redmond Sr. High School,1929,0.0275,Lake Washington School District,Redmond
Graham Kapowsin High School,1985,0.0181,Bethel School District,Graham
Kent-Meridian High,2028,0.0079,Kent School District,Kent
Kentwood High,2058,0.0146,Kent School District,Covington
Kamiak High School,2078,0.0115,Mukilteo School District,Mukilteo
Kentridge High,2191,0.0082,Kent School District,Kent
Skyline High School,2196,0.0105,Issaquah School District,Sammamish
Henry M. Jackson High School,2197,0.0168,Everett School District,Everett
Mariner High School,2252,0.0071,Mukilteo School District,Everett
Issaquah High School,2389,0.0184,Issaquah School District,Issaquah
Tahoma Senior High School,2603,0.0219,Tahoma School District,Kent
South Kitsap High School,2770,0.0264,South Kitsap School District,Port Orchard